cnt,cnt
sum,mean
2257952,4876.7861771058315
996858,4035.862348178138
37869,1803.2857142857142
