Jumlah Customer,Jumlah Customer
sum,mean
471348,2604.1325966850827
918589,4992.33152173913
1061129,5644.303191489362
841613,4728.162921348315
